https://b.fssta.com/uploads/application/nfl/headshots/14853.vresize.220.220.medium.17.png,https://b.fssta.com/uploads/application/nfl/headshots/13200.vresize.350.350.medium.30.png,https://b.fssta.com/uploads/application/nfl/headshots/10373.vresize.350.350.medium.5.png,https://b.fssta.com/uploads/application/nfl/headshots/14866.vresize.350.350.medium.95.png,https://b.fssta.com/uploads/application/nfl/headshots/21169.vresize.350.350.medium.94.png,https://b.fssta.com/uploads/application/nfl/headshots/9780.vresize.350.350.medium.12.png
https://b.fssta.com/uploads/application/nfl/headshots/11368.vresize.350.350.medium.82.png,https://b.fssta.com/uploads/application/nfl/headshots/22910.vresize.350.350.medium.78.png,https://b.fssta.com/uploads/application/nfl/headshots/22760.vresize.350.350.medium.21.png,https://b.fssta.com/uploads/application/nfl/headshots/20906.vresize.350.350.medium.23.png,https://b.fssta.com/uploads/application/nfl/headshots/11709.vresize.350.350.medium.38.png,https://b.fssta.com/uploads/application/nfl/headshots/22193.vresize.350.350.medium.20.png
https://b.fssta.com/uploads/application/nfl/headshots/13985.vresize.350.350.medium.36.png,https://static.www.nfl.com/image/private/t_headshot_desktop/league/rbp5kcbx7xqlqwqjvfrw,https://b.fssta.com/uploads/application/nfl/headshots/22200.vresize.350.350.medium.24.png,https://b.fssta.com/uploads/application/nfl/headshots/21550.vresize.350.350.medium.27.png,https://b.fssta.com/uploads/application/nfl/headshots/12343.vresize.350.350.medium.78.png,https://b.fssta.com/uploads/application/nfl/headshots/14041.vresize.350.350.medium.30.png
https://static.www.nfl.com/image/private/t_headshot_desktop/league/btfnqtymqsqgybnv4u6n,https://b.fssta.com/uploads/application/nfl/headshots/14910.vresize.350.350.medium.25.png,https://b.fssta.com/uploads/application/nfl/headshots/11514.vresize.350.350.medium.66.png,https://b.fssta.com/uploads/application/nfl/headshots/21552.vresize.350.350.medium.1.png,https://b.fssta.com/uploads/application/nfl/headshots/13266.vresize.350.350.medium.91.png,https://b.fssta.com/uploads/application/nfl/headshots/14909.vresize.350.350.medium.24.png
https://b.fssta.com/uploads/application/nfl/headshots/13960.vresize.350.350.medium.52.png,https://static.www.nfl.com/image/private/t_headshot_desktop/league/kvowcl8ebdanhiuiwcrp,https://static.www.nfl.com/image/private/t_headshot_desktop/league/yy6o0pkengsmm6dox1wy,https://static.www.nfl.com/image/private/t_headshot_desktop/league/azlfs3xbnfr3deksqvua,https://b.fssta.com/uploads/application/nfl/headshots/22466.vresize.350.350.medium.94.png,https://b.fssta.com/uploads/application/nfl/headshots/14059.vresize.350.350.medium.7.png
https://b.fssta.com/uploads/application/nfl/headshots/22188.vresize.350.350.medium.67.png,https://b.fssta.com/uploads/application/nfl/headshots/14930.vresize.350.350.medium.89.png,https://b.fssta.com/uploads/application/nfl/headshots/21602.vresize.350.350.medium.92.png,https://static.www.nfl.com/image/private/t_headshot_desktop/league/utyhdvj2rjwpnr4ppjly,https://b.fssta.com/uploads/application/nfl/headshots/14001.vresize.350.350.medium.41.png,https://b.fssta.com/uploads/application/nfl/headshots/21496.vresize.350.350.medium.31.png
https://b.fssta.com/uploads/application/nfl/headshots/21450.vresize.350.350.medium.69.png,https://b.fssta.com/uploads/application/nfl/headshots/13142.vresize.350.350.medium.38.png,https://static.www.nfl.com/image/private/t_headshot_desktop/league/hwrzdfsng9bh4tba7uoe,https://b.fssta.com/uploads/application/nfl/headshots/21486.vresize.350.350.medium.54.png,https://b.fssta.com/uploads/application/nfl/headshots/12268.vresize.350.350.medium.10.png,https://b.fssta.com/uploads/application/nfl/headshots/13983.vresize.350.350.medium.35.png
https://b.fssta.com/uploads/application/nfl/headshots/12306.vresize.350.350.medium.31.png,https://b.fssta.com/uploads/application/nfl/headshots/13988.vresize.350.350.medium.90.png,https://b.fssta.com/uploads/application/nfl/headshots/11371.vresize.350.350.medium.44.png,https://b.fssta.com/uploads/application/nfl/headshots/21637.vresize.350.350.medium.99.png,https://b.fssta.com/uploads/application/nfl/headshots/22811.vresize.350.350.medium.12.png,https://b.fssta.com/uploads/application/nfl/headshots/13124.vresize.350.350.medium.98.png
https://b.fssta.com/uploads/application/nfl/headshots/12340.vresize.350.350.medium.96.png,https://b.fssta.com/uploads/application/nfl/headshots/14964.vresize.350.350.medium.17.png,https://b.fssta.com/uploads/application/nfl/headshots/21460.vresize.350.350.medium.44.png,https://b.fssta.com/uploads/application/nfl/headshots/14029.vresize.350.350.medium.24.png,https://b.fssta.com/uploads/application/nfl/headshots/13319.vresize.350.350.medium.3.png,https://b.fssta.com/uploads/application/nfl/headshots/14090.vresize.350.350.medium.16.png
https://b.fssta.com/uploads/application/nfl/headshots/8636.vresize.350.350.medium.16.png,https://b.fssta.com/uploads/application/nfl/headshots/11382.vresize.350.350.medium.87.png,https://b.fssta.com/uploads/application/nfl/headshots/21453.vresize.350.350.medium.70.png,https://b.fssta.com/uploads/application/nfl/headshots/13989.vresize.350.350.medium.37.png,https://b.fssta.com/uploads/application/nfl/headshots/21850.vresize.350.350.medium.21.png,https://b.fssta.com/uploads/application/nfl/headshots/22817.vresize.350.350.medium.17.png
https://b.fssta.com/uploads/application/nfl/headshots/12216.vresize.350.350.medium.20.png,https://b.fssta.com/uploads/application/nfl/headshots/13229.vresize.350.350.medium.10.png,https://static.www.nfl.com/image/private/t_headshot_desktop/league/tlas9vqczunxkpb2jlz1,https://b.fssta.com/uploads/application/nfl/headshots/14015.vresize.350.350.medium.46.png,https://b.fssta.com/uploads/application/nfl/headshots/12611.vresize.350.350.medium.63.png,https://b.fssta.com/uploads/application/nfl/headshots/22486.vresize.350.350.medium.98.png
https://b.fssta.com/uploads/application/nfl/headshots/5842.vresize.350.350.medium.58.png,https://static.www.nfl.com/image/private/t_headshot_desktop/league/oo8yixhsahh4gznox7th,https://b.fssta.com/uploads/application/nfl/headshots/14251.vresize.350.350.medium.62.png,https://b.fssta.com/uploads/application/nfl/headshots/22791.vresize.350.350.medium.10.png,https://b.fssta.com/uploads/application/nfl/headshots/22867.vresize.350.350.medium.84.png,https://static.www.nfl.com/image/private/t_headshot_desktop/league/wpczdpw0xasgspqhsup9
https://b.fssta.com/uploads/application/nfl/headshots/22255.vresize.350.350.medium.92.png,https://b.fssta.com/uploads/application/nfl/headshots/22881.vresize.350.350.medium.91.png,https://b.fssta.com/uploads/application/nfl/headshots/10527.vresize.350.350.medium.2.png,https://b.fssta.com/uploads/application/nfl/headshots/22256.vresize.350.350.medium.92.png,https://b.fssta.com/uploads/application/nfl/headshots/12325.vresize.350.350.medium.68.png,https://b.fssta.com/uploads/application/nfl/headshots/14053.vresize.350.350.medium.5.png
https://b.fssta.com/uploads/application/nfl/headshots/6819.vresize.350.350.medium.59.png,https://b.fssta.com/uploads/application/nfl/headshots/21480.vresize.350.350.medium.38.png,https://static.www.nfl.com/image/private/t_headshot_desktop/league/mkhwsbbkzcjzp7hd8u5x,https://b.fssta.com/uploads/application/nfl/headshots/14880.vresize.350.350.medium.66.png,https://b.fssta.com/uploads/application/nfl/headshots/22772.vresize.350.350.medium.55.png,https://b.fssta.com/uploads/application/nfl/headshots/22805.vresize.350.350.medium.10.png
https://b.fssta.com/uploads/application/nfl/headshots/22197.vresize.350.350.medium.22.png,https://b.fssta.com/uploads/application/nfl/headshots/22196.vresize.350.350.medium.21.png,https://b.fssta.com/uploads/application/nfl/headshots/13999.vresize.350.350.medium.40.png,https://b.fssta.com/uploads/application/nfl/headshots/13129.vresize.350.350.medium.33.png,https://b.fssta.com/uploads/application/nfl/headshots/8347.vresize.350.350.medium.33.png,https://b.fssta.com/uploads/application/nfl/headshots/13122.vresize.350.350.medium.59.png
https://images.fantasypros.com/images/players/nfl/16413/headshot/1200x1200.png,https://static.www.nfl.com/image/private/t_headshot_desktop/league/s9suhdxobh0p5nbwxq8t,https://b.fssta.com/uploads/application/nfl/headshots/13156.vresize.350.350.medium.43.png,https://b.fssta.com/uploads/application/nfl/headshots/14129.vresize.350.350.medium.98.png,https://static.www.nfl.com/image/private/t_headshot_desktop/league/dvzluuxi81gwt3e8eixo,https://b.fssta.com/uploads/application/nfl/headshots/9309.vresize.350.350.medium.26.png
https://b.fssta.com/uploads/application/nfl/headshots/10541.vresize.350.350.medium.6.png,https://b.fssta.com/uploads/application/nfl/headshots/14846.vresize.350.350.medium.12.png,https://b.fssta.com/uploads/application/nfl/headshots/10550.vresize.350.350.medium.7.png,https://b.fssta.com/uploads/application/nfl/headshots/14990.vresize.350.350.medium.97.png,https://b.fssta.com/uploads/application/nfl/headshots/13211.vresize.350.350.medium.6.png,https://b.fssta.com/uploads/application/nfl/headshots/14959.vresize.350.350.medium.14.png
https://b.fssta.com/uploads/application/nfl/headshots/21458.vresize.350.350.medium.43.png,https://b.fssta.com/uploads/application/nfl/headshots/13417.vresize.350.350.medium.80.png,https://b.fssta.com/uploads/application/nfl/headshots/9934.vresize.350.350.medium.56.png,https://static.www.nfl.com/image/private/t_headshot_desktop/league/e3r9jk7f2zl4qak0orbz,https://b.fssta.com/uploads/application/nfl/headshots/22241.vresize.350.350.medium.15.png,https://b.fssta.com/uploads/application/nfl/headshots/13138.vresize.350.350.medium.36.png
https://b.fssta.com/uploads/application/nfl/headshots/7231.vresize.350.350.medium.67.png,https://b.fssta.com/uploads/application/nfl/headshots/21503.vresize.350.350.medium.35.png,https://b.fssta.com/uploads/application/nfl/headshots/13166.vresize.350.350.medium.20.png,https://b.fssta.com/uploads/application/nfl/headshots/21504.vresize.350.350.medium.35.png,https://b.fssta.com/uploads/application/nfl/headshots/22410.vresize.350.350.medium.44.png,https://b.fssta.com/uploads/application/nfl/headshots/12319.vresize.350.350.medium.92.png
https://b.fssta.com/uploads/application/nfl/headshots/21446.vresize.350.350.medium.34.png,https://b.fssta.com/uploads/application/nfl/headshots/11633.vresize.350.350.medium.81.png,https://b.fssta.com/uploads/application/nfl/headshots/12383.vresize.350.350.medium.32.png,https://b.fssta.com/uploads/application/nfl/headshots/22171.vresize.350.350.medium.90.png,https://b.fssta.com/uploads/application/nfl/headshots/14296.vresize.350.350.medium.55.png,https://b.fssta.com/uploads/application/nfl/headshots/13994.vresize.350.350.medium.91.png
https://b.fssta.com/uploads/application/nfl/headshots/8649.vresize.350.350.medium.65.png,https://b.fssta.com/uploads/application/nfl/headshots/13139.vresize.350.350.medium.99.png,https://b.fssta.com/uploads/application/nfl/headshots/21467.vresize.350.350.medium.37.png,https://b.fssta.com/uploads/application/nfl/headshots/9553.vresize.350.350.medium.39.png,https://static.www.nfl.com/image/private/t_headshot_desktop/league/p44nhjopxr4mwncbdx5l,https://b.fssta.com/uploads/application/nfl/headshots/14900.png
https://b.fssta.com/uploads/application/nfl/headshots/22173.vresize.350.350.medium.61.png,https://b.fssta.com/uploads/application/nfl/headshots/22275.vresize.350.350.medium.3.png,https://b.fssta.com/uploads/application/nfl/headshots/20966.vresize.350.350.medium.2.png,https://b.fssta.com/uploads/application/nfl/headshots/11380.vresize.350.350.medium.86.png,https://b.fssta.com/uploads/application/nfl/headshots/13534.vresize.350.350.medium.88.png,https://b.fssta.com/uploads/application/nfl/headshots/12251.vresize.350.350.medium.4.png
https://b.fssta.com/uploads/application/nfl/headshots/7961.vresize.350.350.medium.47.png,https://b.fssta.com/uploads/application/nfl/headshots/13161.vresize.350.350.medium.45.png,https://b.fssta.com/uploads/application/nfl/headshots/22761.vresize.350.350.medium.22.png,https://b.fssta.com/uploads/application/nfl/headshots/326261.vresize.350.350.medium.17.png,https://static.www.nfl.com/image/private/t_headshot_desktop/league/e3ugejpcmkegazitvsfc,https://b.fssta.com/uploads/application/nfl/headshots/21778.vresize.350.350.medium.33.png
https://b.fssta.com/uploads/application/nfl/headshots/14849.vresize.350.350.medium.14.png,https://b.fssta.com/uploads/application/nfl/headshots/13959.vresize.350.350.medium.52.png,https://b.fssta.com/uploads/application/nfl/headshots/14996.vresize.350.350.medium.99.png,https://b.fssta.com/uploads/application/nfl/headshots/14996.vresize.350.350.medium.99.png,https://b.fssta.com/uploads/application/nfl/headshots/14204.vresize.350.350.medium.85.png,https://b.fssta.com/uploads/application/nfl/headshots/22865.vresize.350.350.medium.83.png
https://b.fssta.com/uploads/application/nfl/headshots/22174.vresize.350.350.medium.91.png,https://b.fssta.com/uploads/application/nfl/headshots/22774.vresize.350.350.medium.55.png,https://b.fssta.com/uploads/application/nfl/headshots/22741.vresize.350.350.medium.69.png,https://b.fssta.com/uploads/application/nfl/headshots/13099.vresize.350.350.medium.97.png,https://b.fssta.com/uploads/application/nfl/headshots/22206.vresize.350.350.medium.95.png,https://b.fssta.com/uploads/application/nfl/headshots/14109.vresize.350.350.medium.73.png
https://b.fssta.com/uploads/application/nfl/headshots/21495.vresize.350.350.medium.30.png,https://b.fssta.com/uploads/application/nfl/headshots/14895.vresize.350.350.medium.3.png,https://static.www.nfl.com/image/private/t_headshot_desktop/league/sb8stxfvnkedmhs6c1fx,https://b.fssta.com/uploads/application/nfl/headshots/22185.vresize.350.350.medium.66.png,https://b.fssta.com/uploads/application/nfl/headshots/21650.vresize.350.350.medium.82.png,https://b.fssta.com/uploads/application/nfl/headshots/14006.vresize.350.350.medium.43.png
https://b.fssta.com/uploads/application/nfl/headshots/22746.vresize.350.350.medium.41.png,https://b.fssta.com/uploads/application/fs-app/default-headshot.vresize.350.350.medium.0.png,https://b.fssta.com/uploads/application/nfl/headshots/14921.vresize.350.350.medium.27.png,https://b.fssta.com/uploads/application/nfl/headshots/22777.vresize.350.350.medium.29.png,https://b.fssta.com/uploads/application/nfl/headshots/20954.vresize.350.350.medium.29.png,https://b.fssta.com/uploads/application/nfl/headshots/22210.vresize.350.350.medium.27.png
https://b.fssta.com/uploads/application/nfl/headshots/10567.vresize.350.350.medium.27.png,https://b.fssta.com/uploads/application/fs-app/default-headshot.vresize.350.350.medium.0.png,https://b.fssta.com/uploads/application/nfl/headshots/14904.vresize.350.350.medium.22.png,https://b.fssta.com/uploads/application/nfl/headshots/21473.vresize.350.350.medium.50.png,https://b.fssta.com/uploads/application/nfl/headshots/21697.vresize.350.350.medium.44.png,https://b.fssta.com/uploads/application/nfl/headshots/13245.vresize.350.350.medium.13.png
https://b.fssta.com/uploads/application/nfl/headshots/9761.vresize.350.350.medium.11.png,https://b.fssta.com/uploads/application/fs-app/default-headshot.vresize.350.350.medium.0.png,https://static.www.nfl.com/image/private/t_headshot_desktop/league/oa43ir8zoaiofwbupkrt,https://b.fssta.com/uploads/application/nfl/headshots/11434.vresize.350.350.medium.71.png,https://b.fssta.com/uploads/application/nfl/headshots/8799.vresize.350.350.medium.20.png,https://b.fssta.com/uploads/application/nfl/headshots/14844.vresize.350.350.medium.11.png
https://b.fssta.com/uploads/application/nfl/headshots/4060.vresize.350.350.medium.56.png,https://b.fssta.com/uploads/application/nfl/headshots/13102.vresize.350.350.medium.51.png,https://b.fssta.com/uploads/application/nfl/headshots/10513.vresize.350.350.medium.8.png,https://b.fssta.com/uploads/application/nfl/headshots/13177.vresize.350.350.medium.24.png,https://b.fssta.com/uploads/application/nfl/headshots/14142.vresize.350.350.medium.2.png,https://b.fssta.com/uploads/application/nfl/headshots/22871.vresize.350.350.medium.86.png
https://b.fssta.com/uploads/application/nfl/headshots/8508.vresize.350.350.medium.39.png,https://b.fssta.com/uploads/application/nfl/headshots/12255.vresize.350.350.medium.5.png,https://b.fssta.com/uploads/application/nfl/headshots/8828.vresize.350.350.medium.21.png,https://b.fssta.com/uploads/application/nfl/headshots/22745.vresize.350.350.medium.41.png,https://images.fantasypros.com/images/players/nfl/19747/headshot/210x210.png,https://b.fssta.com/uploads/application/nfl/headshots/22853.vresize.350.350.medium.5.png
https://b.fssta.com/uploads/application/nfl/headshots/11818.vresize.350.350.medium.40.png,https://b.fssta.com/uploads/application/nfl/headshots/22828.vresize.350.350.medium.94.png,https://b.fssta.com/uploads/application/nfl/headshots/14929.vresize.350.350.medium.88.png,https://b.fssta.com/uploads/application/nfl/headshots/13135.vresize.350.350.medium.35.png,https://b.fssta.com/uploads/application/nfl/headshots/22754.vresize.350.350.medium.46.png,https://b.fssta.com/uploads/application/nfl/headshots/10626.vresize.350.350.medium.96.png
